messageid;signal;source;value;scaling;channel;direction;
;act_lat_acceleration;;carla.Vector3D.dot(vehicle.get_acceleration(), vehicle.get_transform().get_right_vector());-0.125;;OUT;
;act_pos_x;;vehicle.get_transform().location.x;0.125;;OUT;
;act_pos_y;;vehicle.get_transform().location.y;-0.125;;OUT;
;act_yaw_angle;;vehicle.get_transform().rotation.yaw;0.0174532925;;OUT;
;act_steering;;vehicle.get_control().steer;30;;OUT;
;act_speed;;carla.Vector3D.dot(vehicle.get_velocity(), vehicle.get_transform().get_forward_vector());0.125;;OUT;
;current_speed_limit;;0;1;;OUT;
;act_pos_z;;vehicle.get_transform().location.z;0.125;;OUT;
;act_pitch_angle;;vehicle.get_transform().rotation.pitch;0.0174532925;;OUT;
;act_roll_angle;;vehicle.get_transform().rotation.roll;0.0174532925;;OUT;
;act_yaw_rate;;carla.Vector3D.dot(vehicle.get_angular_velocity(), vehicle.get_transform().get_up_vector());0.0174532925;;OUT;
;act_throttle;;vehicle.get_control().throttle;1;;OUT;
;act_brake;;vehicle.get_control().brake;1;;OUT;
;act_long_acceleration;;carla.Vector3D.dot(vehicle.get_acceleration(), vehicle.get_transform().get_forward_vector());0.125;;OUT;
;park_coordinate_x;;0;0.125;;OUT;
;lane_boundary_right;;0;0.125;;OUT;
;lane_boundary_left;;0;0.125;;OUT;
;road_boundary_left;;0;0.125;;OUT;
;road_boundary_right;;0;0.125;;OUT;
;next_waypoint;;0;0.125;;OUT;
;mini_lidar_front_x;;0;0.125;;OUT;
;mini_lidar_front_y;;0;-0.125;;OUT;
;park_coordinate_y;;0;-0.125;;OUT;
;park_coordinate_z;;0;0.125;;OUT;
;Door_FL;;compute_value("Door_FL");1;;OUT;
;Door_FR;;compute_value("Door_FR");1;;OUT;
;Door_RL;;compute_value("Door_RL");1;;OUT;
;Door_RR;;compute_value("Door_RR");1;;OUT;