<?xml version="1.0" encoding="UTF-8"?>
<fmiModelDescription
  fmiVersion="2.0"
  modelName="CARLABridge"
  description="Interface / gateway fmu that establishes a CARLA-client and mediates interaction with an active CARLA-server"
  guid="{1-2-3-4-5}"
  numberOfEventIndicators="0"
  author="ZF Friedrichshafen AG">

  <CoSimulation
    modelIdentifier="CARLABridge"
    canHandleVariableCommunicationStepSize="true"
    canNotUseMemoryManagementFunctions="true"
    canGetAndSetFMUstate="true"
    canSerializeFMUstate="true">
    <SourceFiles>
      <File name="all.c"/>
    </SourceFiles>
  </CoSimulation>

  <LogCategories>
    <Category name="logEvents" description="Log events"/>
    <Category name="logStatusError" description="Log error messages"/>
  </LogCategories>

  <DefaultExperiment startTime="0" stopTime="999" stepSize="0.04"/>

  <ModelVariables>

    <ScalarVariable name="CARLAin__desired_speed" valueReference="0" causality="input" variability="discrete" description="Target velocity for vehicle">
      <Real start="0.0"/>
    </ScalarVariable>

    <ScalarVariable name="CARLAin__desired_steering" valueReference="1" causality="input" variability="discrete" description="Target steering angle for vehicle">
      <Real start="0.0"/>
    </ScalarVariable>

    <ScalarVariable name="CARLAout__act_speed" valueReference="2" description="actual velocity of the vehicle" causality="output" initial="exact">
      <Real start="0.0"/>
    </ScalarVariable>

    <ScalarVariable name="CARLAin__scenario" valueReference="3" description="scenario to simulate" causality="input" variability="discrete">
      <Integer start="0"/>
    </ScalarVariable>

    <ScalarVariable name="CARLAin__toggle_display" valueReference="4" causality="input" variability="discrete" description="customize client display">
      <Integer start="0"/>
    </ScalarVariable>

    <ScalarVariable name="CARLAin__desired_brake" valueReference="5" causality="input" variability="discrete" description="Target brake for vehicle">
      <Real start="0.0"/>
    </ScalarVariable>

    <ScalarVariable name="CARLAout__park_coordinate_x" valueReference="6" description="Target park position x" causality="output" initial="exact">
      <Real start="0.0"/>
    </ScalarVariable>
    <ScalarVariable name="CARLAout__act_steering" valueReference="7" description="actual steering of the vehicle" causality="output" initial="exact">
      <Real start="0.0"/>
    </ScalarVariable>

    <ScalarVariable name="CARLAout__act_pos_x" valueReference="8" description="actual postion of the vehicle in x direction" causality="output" initial="exact">
      <Real start="0.0"/>
    </ScalarVariable>

    <ScalarVariable name="CARLAout__act_pos_y" valueReference="9" description="actual postion of the vehicle in y direction" causality="output" initial="exact">
      <Real start="0.0"/>
    </ScalarVariable>

    <ScalarVariable name="CARLAout__act_yaw_angle" valueReference="10" description="actual rotation of the vehicle in z direction" causality="output" initial="exact">
      <Real start="0.0"/>
    </ScalarVariable>

    <ScalarVariable name="CARLAout__act_lat_acceleration" valueReference="11" description="actual lateral acceleration of the vehicle" causality="output" initial="exact">
      <Real start="0.0"/>
    </ScalarVariable>

    <ScalarVariable name="CARLAout__current_speed_limit" valueReference="12" description="speed limit at the current pose of vehicle" causality="output" initial="exact">
      <Real start="0.0"/>
    </ScalarVariable>

    <ScalarVariable name="CARLAout__park_coordinate_y" valueReference="13" description="Target park position y" causality="output" initial="exact">
      <Real start="0.0"/>
    </ScalarVariable>

    <ScalarVariable name="CARLAin__operation_mode" valueReference="14" causality="input" variability="discrete" description="Mode to toggle the ownership of vehicle motion control">
      <Integer start="0"/>
    </ScalarVariable>

    <ScalarVariable name="CARLAin__toggle_view" valueReference="15" causality="input" variability="discrete" description="customize simulation point of view">
      <Integer start="0"/>
    </ScalarVariable>

    <ScalarVariable name="CARLAin__toggle_special_lights" valueReference="16" causality="input" variability="discrete" description="toggle On/Off special lights (e.g. siren)">
      <Integer start="0"/>
    </ScalarVariable>

    <ScalarVariable name="CARLAin__auto_pilot" valueReference="17" causality="input" variability="discrete" description="Enable/Disable auto pilot mode of vehicle">
      <Integer start="0"/>
    </ScalarVariable>

    <ScalarVariable name="CARLAout__act_pos_z" valueReference="18" description="actual postion of the vehicle in z direction" causality="output" initial="exact">
      <Real start="0.0"/>
    </ScalarVariable>

    <ScalarVariable name="CARLAout__act_pitch_angle" valueReference="19" description="actual rotation of vehicle in y direction" causality="output" initial="exact">
      <Real start="0.0"/>
    </ScalarVariable>

    <ScalarVariable name="CARLAout__act_roll_angle" valueReference="20" description="actual rotation of vehicle in x direction" causality="output" initial="exact">
      <Real start="0.0"/>
    </ScalarVariable>

    <ScalarVariable name="CARLAout__act_yaw_rate" valueReference="21" description="actual yaw rate of the vehicle" causality="output" initial="exact">
      <Real start="0.0"/>
    </ScalarVariable>

    <ScalarVariable name="CARLAout__act_throttle" valueReference="22" description="actual throttle applied to the vehicle" causality="output" initial="exact">
      <Real start="0.0"/>
    </ScalarVariable>

    <ScalarVariable name="CARLAout__act_brake" valueReference="23" description="actual brake applied to the vehicle" causality="output" initial="exact">
      <Real start="0.0"/>
    </ScalarVariable>

    <ScalarVariable name="CARLAout__act_long_acceleration" valueReference="24" description="actual longitudinal acceleration of the vehicle" causality="output" initial="exact">
      <Real start="0.0"/>
    </ScalarVariable>

    <ScalarVariable name="CARLAin__reset_scene" valueReference="25" causality="input" variability="discrete" description="Reset simulation world with existing/new scenario">
      <Integer start="0"/>
    </ScalarVariable>

    <ScalarVariable name="CARLAin__weather" valueReference="26" causality="input" variability="discrete" description="Setting the weather of CARLA world">
      <Integer start="0"/>
    </ScalarVariable>

    <ScalarVariable name="CARLAout__park_coordinate_z" valueReference="27" description="Target park position z" causality="output" initial="exact">
      <Real start="0.0"/>
    </ScalarVariable>

    <ScalarVariable name="CARLAout__mini_lidar_front_x" valueReference="28" description="x coordinate from the point cloud of single beam front mini Lidar" causality="output" initial="exact">
      <Real start="0.0"/>
    </ScalarVariable>

    <ScalarVariable name="CARLAout__mini_lidar_front_y" valueReference="29" description="y coordinate from the point cloud of single beam front mini Lidar" causality="output" initial="exact">
      <Real start="0.0"/>
    </ScalarVariable>

    <ScalarVariable name="CARLAin__DisplayColor_r" valueReference="30" description="red value of the RGB color code for display" causality="input">
		  <Integer start="0"/>
	  </ScalarVariable>

    <ScalarVariable name="CARLAin__DisplayColor_g" valueReference="31" description="green value of the RGB color code for display" causality="input">
		  <Integer start="0"/>
	  </ScalarVariable>

	  <ScalarVariable name="CARLAin__DisplayColor_b" valueReference="32" description="blue value of the RGB color code for display" causality="input">
		  <Integer start="0"/>
	  </ScalarVariable>

	  <ScalarVariable name="CARLAin__DisplayText_char01" valueReference="33" description="1st character of the 16 character display string" causality="input">
		  <Integer start="0"/>
	  </ScalarVariable>

	  <ScalarVariable name="CARLAin__DisplayText_char02" valueReference="34" description="2nd character of the 16 character display string" causality="input">
		  <Integer start="0"/>
	  </ScalarVariable>

	  <ScalarVariable name="CARLAin__DisplayText_char03" valueReference="35" description="3rd character of the 16 character display string" causality="input">
		  <Integer start="0"/>
	  </ScalarVariable>

	  <ScalarVariable name="CARLAin__DisplayText_char04" valueReference="36" description="4th character of the 16 character display string" causality="input">
		  <Integer start="0"/>
	  </ScalarVariable>

	  <ScalarVariable name="CARLAin__DisplayText_char05" valueReference="37" description="5th character of the 16 character display string" causality="input">
		  <Integer start="0"/>
	  </ScalarVariable>

	  <ScalarVariable name="CARLAin__DisplayText_char06" valueReference="38" description="6th character of the 16 character display string" causality="input">
		  <Integer start="0"/>
	  </ScalarVariable>

	  <ScalarVariable name="CARLAin__DisplayText_char07" valueReference="39" description="7th character of the 16 character display string" causality="input">
		  <Integer start="0"/>
	  </ScalarVariable>

	  <ScalarVariable name="CARLAin__DisplayText_char08" valueReference="40" description="8th character of the 16 character display string" causality="input">
		  <Integer start="0"/>
	  </ScalarVariable>

	  <ScalarVariable name="CARLAin__DisplayText_char09" valueReference="41" description="9th character of the 16 character display string" causality="input">
		  <Integer start="0"/>
	  </ScalarVariable>

	  <ScalarVariable name="CARLAin__DisplayText_char10" valueReference="42" description="10th character of the 16 character display string" causality="input">
		  <Integer start="0"/>
	  </ScalarVariable>

	  <ScalarVariable name="CARLAin__DisplayText_char11" valueReference="43" description="11th character of the 16 character display string" causality="input">
		  <Integer start="0"/>
	  </ScalarVariable>

	  <ScalarVariable name="CARLAin__DisplayText_char12" valueReference="44" description="12th character of the 16 character display string" causality="input">
		  <Integer start="0"/>
	  </ScalarVariable>

	  <ScalarVariable name="CARLAin__DisplayText_char13" valueReference="45" description="13th character of the 16 character display string" causality="input">
		  <Integer start="0"/>
	  </ScalarVariable>

	  <ScalarVariable name="CARLAin__DisplayText_char14" valueReference="46" description="14th character of the 16 character display string" causality="input">
		  <Integer start="0"/>
	  </ScalarVariable>

	  <ScalarVariable name="CARLAin__DisplayText_char15" valueReference="47" description="15th character of the 16 character display string" causality="input">
		  <Integer start="0"/>
	  </ScalarVariable>

	  <ScalarVariable name="CARLAin__DisplayText_char16" valueReference="48" description="16th character of the 16 character display string" causality="input">
		  <Integer start="0"/>
	  </ScalarVariable>

    <ScalarVariable name="CARLAin__toggle_buzzer" valueReference="49" causality="input" variability="discrete" description="toggle On/Off buzzer (e.g. siren beep)">
      <Integer start="0"/>
    </ScalarVariable>

    <ScalarVariable name="CARLAin__DooropenStatus_FL" valueReference="50" causality="input" variability="discrete" description="Open door FL">
      <Integer start="0"/>
    </ScalarVariable>

    <ScalarVariable name="CARLAin__DooropenStatus_FR" valueReference="51" causality="input" variability="discrete" description="Open door FR">
      <Integer start="0"/>
    </ScalarVariable>

    <ScalarVariable name="CARLAin__DooropenStatus_RL" valueReference="52" causality="input" variability="discrete" description="Open door RL">
      <Integer start="0"/>
    </ScalarVariable>

    <ScalarVariable name="CARLAin__DooropenStatus_RR" valueReference="53" causality="input" variability="discrete" description="Open door RR">
      <Integer start="0"/>
    </ScalarVariable>

    <ScalarVariable name="CARLAout__DooropenStatus_FL" valueReference="54" causality="output" variability="discrete" description="Open door FL" initial="exact">
      <Integer start="0"/>
    </ScalarVariable>

    <ScalarVariable name="CARLAout__DooropenStatus_FR" valueReference="55" causality="output" variability="discrete" description="Open door FR" initial="exact">
      <Integer start="0"/>
    </ScalarVariable>

    <ScalarVariable name="CARLAout__DooropenStatus_RL" valueReference="56" causality="output" variability="discrete" description="Open door RL" initial="exact">
      <Integer start="0"/>
    </ScalarVariable>

    <ScalarVariable name="CARLAout__DooropenStatus_RR" valueReference="57" causality="output" variability="discrete" description="Open door RR" initial="exact">
      <Integer start="0"/>
    </ScalarVariable>

    <ScalarVariable name="CARLAin__Headlight_Lowbeam" valueReference="58" causality="input" variability="discrete" description="Toggle Headlight of the vehicle">
      <Integer start="0"/>
    </ScalarVariable>

  </ModelVariables>

  <ModelStructure>
    <Outputs>
      <Unknown index="3"/>
      <Unknown index="7"/>
      <Unknown index="8"/>
      <Unknown index="9"/>
      <Unknown index="10"/>
      <Unknown index="11"/>
      <Unknown index="12"/>
      <Unknown index="13"/>
      <Unknown index="14"/>
      <Unknown index="19"/>
      <Unknown index="20"/>
      <Unknown index="21"/>
      <Unknown index="22"/>
      <Unknown index="23"/>
      <Unknown index="24"/>
      <Unknown index="25"/>
      <Unknown index="28"/>
      <Unknown index="29"/>
      <Unknown index="30"/>
      <Unknown index="55"/> 
      <Unknown index="56"/>
      <Unknown index="57"/>
      <Unknown index="58"/>
            
    </Outputs>
  </ModelStructure>

</fmiModelDescription>
