;Class name;Function name;Signal name;vss;Signal direction;type;DBC CAN name includes CAN message name
;;;;;;;
VD;FrontDoorLeft;IsOpen;leftDoorIsOpen01;Vehicle.Body.Door.Axle.01.Left;RX;boolean;CAN_Input_L1.Door01LeftIsOpen
VD;FrontDoorRight;IsOpen;rightDoorIsOpen01;Vehicle.Body.Door.Axle.01.Right;RX;boolean;CAN_Input_R1.Door01RightIsOpen
VD;FrontDoorLeft;Lock;leftLatch01;Vehicle.Body.Door.Axle.01.Left;TX;boolean;CAN_Output.LockDoor01Left
VD;FrontDoorRight;Lock;rightLatch01;Vehicle.Body.Door.Axle.01.Right;TX;boolean;CAN_Output.LockDoor01Right
BS;FrontDoorLeft;IsOpenL1;leftDoorIsOpen01;Vehicle.Body.Door.Axle.01.Left;RX;boolean;Vehicle.Body.Door.Axle.01.Left
BS;FrontDoorRight;IsOpenR1;rightDoorIsOpen01;Vehicle.Body.Door.Axle.01.Right;RX;boolean;Vehicle.Body.Door.Axle.01.Right
BS;FrontDoorLeft;Lock;leftLatch01;Vehicle.Body.Door.Axle.01.Left;TX;boolean;Vehicle.Body.Door.Axle.01.Left
BS;FrontDoorRight;Lock;rightLatch01;Vehicle.Body.Door.Axle.01.Right;TX;boolean;Vehicle.Body.Door.Axle.01.Right
